Workbook

Sheet Office Copy
P1: =SUMPRODUCT(MAX(--('Office Copy'!$B$9:$N$2407<>"")*ROW('Office Copy'!$B$9:$N$2407))) -> 9
D2: ### | P2: =MAX(1,ROUNDUP((P1-8)/20,0)) -> 1
D3: Calculations | P3: helpers: last data row / pages used
D4: ## | G4: ## | J4: 46220 | L4: ##/##
D5: Work Order Number | G5: Street | J5: Date | L5: Crew
B6: Control # | D6: CHK # | F6: In: | I6: Out:
E7: Left | K7: Right
B8: Station | C8: Label | D8: O/S | E8: Grade | F8: Hub Elev. | H8: Cut/Fill | I8: Label | J8: O/S | K8: Grade | L8: Hub Elev | N8: Cut/Fill
B9: 51+36.59 | C9: HYD INV | D9: 35 | E9: 116.756 | F9: 125.7702 | H9: =IF(OR(F9="",E9=""),"",F9-E9) -> 9.0142 | N9: =IF(OR(L9="",K9=""),"",L9-K9)
B2409: Fill in the yellow cells and table rows on this tab only — everything copies to the Contractor and Inspector tabs. Printing repeats the header on every page, numbers sheets automatically (SHEET x OF y), and stops at your last page of data. Example row: Station 1+00, + 4.52, H.I. 852.31, - 3.10, Hub Elev. 849.21.

Sheet Contractor Copy
P1: =SUMPRODUCT(MAX(--('Office Copy'!$B$9:$N$2407<>"")*ROW('Office Copy'!$B$9:$N$2407))) -> 9
D2: {='Office Copy'!D2:F2d} -> #NAME? | P2: =MAX(1,ROUNDUP((P1-8)/20,0)) -> 1
D3: Calculations | P3: helpers: last data row / pages used
D4: =IF('Office Copy'!D4="","",'Office Copy'!D4) -> ## | G4: =IF('Office Copy'!G4="","",'Office Copy'!G4) -> ## | J4: =IF('Office Copy'!J4="","",'Office Copy'!J4) -> 46220 | L4: =IF('Office Copy'!L4="","",'Office Copy'!L4) -> ##/##
D5: Work Order Number | G5: Street | J5: Date | L5: Crew
B6: Control # | C6: =IF('Office Copy'!C6="","",'Office Copy'!C6) | D6: CHK # | E6: =IF('Office Copy'!E6="","",'Office Copy'!E6) | F6: In: | G6: =IF('Office Copy'!G6="","",'Office Copy'!G6) | I6: Out: | J6: =IF('Office Copy'!J6="","",'Office Copy'!J6)
E7: Left | K7: Right
B8: Station | C8: + | D8: H.I. | E8: - | F8: Hub Elev. | H8: Cut/Fill
B9: =IF('Office Copy'!#REF!="","",'Office Copy'!#REF!) -> #REF! | C9: =IF('Office Copy'!#REF!="","",'Office Copy'!#REF!) -> #REF! | D9: =IF('Office Copy'!#REF!="","",'Office Copy'!#REF!) -> #REF! | E9: =IF('Office Copy'!#REF!="","",'Office Copy'!#REF!) -> #REF! | F9: =IF('Office Copy'!#REF!="","",'Office Copy'!#REF!) -> #REF! | G9: =IF('Office Copy'!#REF!="","",'Office Copy'!#REF!) -> #REF! | H9: =IF('Office Copy'!#REF!="","",'Office Copy'!#REF!) -> #REF! | I9: =IF('Office Copy'!#REF!="","",'Office Copy'!#REF!) -> #REF! | ... N9: =IF('Office Copy'!#REF!="","",'Office Copy'!#REF!) -> #REF!
B10: =IF('Office Copy'!B9="","",'Office Copy'!B9) -> 51+36.59 | C10: =IF('Office Copy'!C9="","",'Office Copy'!C9) -> HYD INV | D10: =IF('Office Copy'!D9="","",'Office Copy'!D9) -> 35 | E10: =IF('Office Copy'!E9="","",'Office Copy'!E9) -> 116.756 | F10: =IF('Office Copy'!F9="","",'Office Copy'!F9) -> 125.7702 | G10: =IF('Office Copy'!G9="","",'Office Copy'!G9) | H10: =IF('Office Copy'!H9="","",'Office Copy'!H9) -> 9.0142 | I10: =IF('Office Copy'!I9="","",'Office Copy'!I9) | ... N10: =IF('Office Copy'!N9="","",'Office Copy'!N9)
B11: =IF('Office Copy'!B10="","",'Office Copy'!B10) | C11: =IF('Office Copy'!C10="","",'Office Copy'!C10) | D11: =IF('Office Copy'!D10="","",'Office Copy'!D10) | E11: =IF('Office Copy'!E10="","",'Office Copy'!E10) | F11: =IF('Office Copy'!F10="","",'Office Copy'!F10) | G11: =IF('Office Copy'!G10="","",'Office Copy'!G10) | H11: =IF('Office Copy'!H10="","",'Office Copy'!H10) | I11: =IF('Office Copy'!I10="","",'Office Copy'!I10) | ... N11: =IF('Office Copy'!N10="","",'Office Copy'!N10)
B12: =IF('Office Copy'!B11="","",'Office Copy'!B11) | C12: =IF('Office Copy'!C11="","",'Office Copy'!C11) | D12: =IF('Office Copy'!D11="","",'Office Copy'!D11) | E12: =IF('Office Copy'!E11="","",'Office Copy'!E11) | F12: =IF('Office Copy'!F11="","",'Office Copy'!F11) | G12: =IF('Office Copy'!G11="","",'Office Copy'!G11) | H12: =IF('Office Copy'!H11="","",'Office Copy'!H11) | I12: =IF('Office Copy'!I11="","",'Office Copy'!I11) | ... N12: =IF('Office Copy'!N11="","",'Office Copy'!N11)
B13: =IF('Office Copy'!B12="","",'Office Copy'!B12) | C13: =IF('Office Copy'!C12="","",'Office Copy'!C12) | D13: =IF('Office Copy'!D12="","",'Office Copy'!D12) | E13: =IF('Office Copy'!E12="","",'Office Copy'!E12) | F13: =IF('Office Copy'!F12="","",'Office Copy'!F12) | G13: =IF('Office Copy'!G12="","",'Office Copy'!G12) | H13: =IF('Office Copy'!H12="","",'Office Copy'!H12) | I13: =IF('Office Copy'!I12="","",'Office Copy'!I12) | ... N13: =IF('Office Copy'!N12="","",'Office Copy'!N12)
B14: =IF('Office Copy'!B13="","",'Office Copy'!B13) | C14: =IF('Office Copy'!C13="","",'Office Copy'!C13) | D14: =IF('Office Copy'!D13="","",'Office Copy'!D13) | E14: =IF('Office Copy'!E13="","",'Office Copy'!E13) | F14: =IF('Office Copy'!F13="","",'Office Copy'!F13) | G14: =IF('Office Copy'!G13="","",'Office Copy'!G13) | H14: =IF('Office Copy'!H13="","",'Office Copy'!H13) | I14: =IF('Office Copy'!I13="","",'Office Copy'!I13) | ... N14: =IF('Office Copy'!N13="","",'Office Copy'!N13)
B15: =IF('Office Copy'!B14="","",'Office Copy'!B14) | C15: =IF('Office Copy'!C14="","",'Office Copy'!C14) | D15: =IF('Office Copy'!D14="","",'Office Copy'!D14) | E15: =IF('Office Copy'!E14="","",'Office Copy'!E14) | F15: =IF('Office Copy'!F14="","",'Office Copy'!F14) | G15: =IF('Office Copy'!G14="","",'Office Copy'!G14) | H15: =IF('Office Copy'!H14="","",'Office Copy'!H14) | I15: =IF('Office Copy'!I14="","",'Office Copy'!I14) | ... N15: =IF('Office Copy'!N14="","",'Office Copy'!N14)
B16: =IF('Office Copy'!B15="","",'Office Copy'!B15) | C16: =IF('Office Copy'!C15="","",'Office Copy'!C15) | D16: =IF('Office Copy'!D15="","",'Office Copy'!D15) | E16: =IF('Office Copy'!E15="","",'Office Copy'!E15) | F16: =IF('Office Copy'!F15="","",'Office Copy'!F15) | G16: =IF('Office Copy'!G15="","",'Office Copy'!G15) | H16: =IF('Office Copy'!H15="","",'Office Copy'!H15) | I16: =IF('Office Copy'!I15="","",'Office Copy'!I15) | ... N16: =IF('Office Copy'!N15="","",'Office Copy'!N15)
B17: =IF('Office Copy'!B16="","",'Office Copy'!B16) | C17: =IF('Office Copy'!C16="","",'Office Copy'!C16) | D17: =IF('Office Copy'!D16="","",'Office Copy'!D16) | E17: =IF('Office Copy'!E16="","",'Office Copy'!E16) | F17: =IF('Office Copy'!F16="","",'Office Copy'!F16) | G17: =IF('Office Copy'!G16="","",'Office Copy'!G16) | H17: =IF('Office Copy'!H16="","",'Office Copy'!H16) | I17: =IF('Office Copy'!I16="","",'Office Copy'!I16) | ... N17: =IF('Office Copy'!N16="","",'Office Copy'!N16)
B18: =IF('Office Copy'!B17="","",'Office Copy'!B17) | C18: =IF('Office Copy'!C17="","",'Office Copy'!C17) | D18: =IF('Office Copy'!D17="","",'Office Copy'!D17) | E18: =IF('Office Copy'!E17="","",'Office Copy'!E17) | F18: =IF('Office Copy'!F17="","",'Office Copy'!F17) | G18: =IF('Office Copy'!G17="","",'Office Copy'!G17) | H18: =IF('Office Copy'!H17="","",'Office Copy'!H17) | I18: =IF('Office Copy'!I17="","",'Office Copy'!I17) | ... N18: =IF('Office Copy'!N17="","",'Office Copy'!N17)
B19: =IF('Office Copy'!B18="","",'Office Copy'!B18) | C19: =IF('Office Copy'!C18="","",'Office Copy'!C18) | D19: =IF('Office Copy'!D18="","",'Office Copy'!D18) | E19: =IF('Office Copy'!E18="","",'Office Copy'!E18) | F19: =IF('Office Copy'!F18="","",'Office Copy'!F18) | G19: =IF('Office Copy'!G18="","",'Office Copy'!G18) | H19: =IF('Office Copy'!H18="","",'Office Copy'!H18) | I19: =IF('Office Copy'!I18="","",'Office Copy'!I18) | ... N19: =IF('Office Copy'!N18="","",'Office Copy'!N18)
B20: =IF('Office Copy'!B19="","",'Office Copy'!B19) | C20: =IF('Office Copy'!C19="","",'Office Copy'!C19) | D20: =IF('Office Copy'!D19="","",'Office Copy'!D19) | E20: =IF('Office Copy'!E19="","",'Office Copy'!E19) | F20: =IF('Office Copy'!F19="","",'Office Copy'!F19) | G20: =IF('Office Copy'!G19="","",'Office Copy'!G19) | H20: =IF('Office Copy'!H19="","",'Office Copy'!H19) | I20: =IF('Office Copy'!I19="","",'Office Copy'!I19) | ... N20: =IF('Office Copy'!N19="","",'Office Copy'!N19)
B21: =IF('Office Copy'!B20="","",'Office Copy'!B20) | C21: =IF('Office Copy'!C20="","",'Office Copy'!C20) | D21: =IF('Office Copy'!D20="","",'Office Copy'!D20) | E21: =IF('Office Copy'!E20="","",'Office Copy'!E20) | F21: =IF('Office Copy'!F20="","",'Office Copy'!F20) | G21: =IF('Office Copy'!G20="","",'Office Copy'!G20) | H21: =IF('Office Copy'!H20="","",'Office Copy'!H20) | I21: =IF('Office Copy'!I20="","",'Office Copy'!I20) | ... N21: =IF('Office Copy'!N20="","",'Office Copy'!N20)
... B2408: =IF('Office Copy'!B2407="","",'Office Copy'!B2407) | C2408: =IF('Office Copy'!C2407="","",'Office Copy'!C2407) | D2408: =IF('Office Copy'!D2407="","",'Office Copy'!D2407) | E2408: =IF('Office Copy'!E2407="","",'Office Copy'!E2407) | F2408: =IF('Office Copy'!F2407="","",'Office Copy'!F2407) | G2408: =IF('Office Copy'!G2407="","",'Office Copy'!G2407) | H2408: =IF('Office Copy'!H2407="","",'Office Copy'!H2407) | I2408: =IF('Office Copy'!I2407="","",'Office Copy'!I2407) | ... N2408: =IF('Office Copy'!N2407="","",'Office Copy'!N2407)
B2410: This tab fills in automatically from the Office Copy tab — do not type over it.

Sheet Inspector Copy
P1: =SUMPRODUCT(MAX(--('Office Copy'!$B$9:$N$2407<>"")*ROW('Office Copy'!$B$9:$N$2407))) -> 9
D2: =IF('Office Copy'!D2="","",'Office Copy'!D2) -> ### | P2: =MAX(1,ROUNDUP((P1-8)/20,0)) -> 1
D3: Calculations | P3: helpers: last data row / pages used
D4: =IF('Office Copy'!D4="","",'Office Copy'!D4) -> ## | G4: =IF('Office Copy'!G4="","",'Office Copy'!G4) -> ## | J4: =IF('Office Copy'!J4="","",'Office Copy'!J4) -> 46220 | L4: =IF('Office Copy'!L4="","",'Office Copy'!L4) -> ##/##
D5: Work Order Number | G5: Street | J5: Date | L5: Crew
B6: Control # | C6: =IF('Office Copy'!C6="","",'Office Copy'!C6) | D6: CHK # | E6: =IF('Office Copy'!E6="","",'Office Copy'!E6) | F6: In: | G6: =IF('Office Copy'!G6="","",'Office Copy'!G6) | I6: Out: | J6: =IF('Office Copy'!J6="","",'Office Copy'!J6)
E7: Left | K7: Right
B8: Station | C8: + | D8: H.I. | E8: - | F8: Hub Elev. | H8: Cut/Fill
B9: =IF('Office Copy'!#REF!="","",'Office Copy'!#REF!) -> #REF! | C9: =IF('Office Copy'!#REF!="","",'Office Copy'!#REF!) -> #REF! | D9: =IF('Office Copy'!#REF!="","",'Office Copy'!#REF!) -> #REF! | E9: =IF('Office Copy'!#REF!="","",'Office Copy'!#REF!) -> #REF! | F9: =IF('Office Copy'!#REF!="","",'Office Copy'!#REF!) -> #REF! | G9: =IF('Office Copy'!#REF!="","",'Office Copy'!#REF!) -> #REF! | H9: =IF('Office Copy'!#REF!="","",'Office Copy'!#REF!) -> #REF! | I9: =IF('Office Copy'!#REF!="","",'Office Copy'!#REF!) -> #REF! | ... N9: =IF('Office Copy'!#REF!="","",'Office Copy'!#REF!) -> #REF!
B10: =IF('Office Copy'!B9="","",'Office Copy'!B9) -> 51+36.59 | C10: =IF('Office Copy'!C9="","",'Office Copy'!C9) -> HYD INV | D10: =IF('Office Copy'!D9="","",'Office Copy'!D9) -> 35 | E10: =IF('Office Copy'!E9="","",'Office Copy'!E9) -> 116.756 | F10: =IF('Office Copy'!F9="","",'Office Copy'!F9) -> 125.7702 | G10: =IF('Office Copy'!G9="","",'Office Copy'!G9) | H10: =IF('Office Copy'!H9="","",'Office Copy'!H9) -> 9.0142 | I10: =IF('Office Copy'!I9="","",'Office Copy'!I9) | ... N10: =IF('Office Copy'!N9="","",'Office Copy'!N9)
B11: =IF('Office Copy'!B10="","",'Office Copy'!B10) | C11: =IF('Office Copy'!C10="","",'Office Copy'!C10) | D11: =IF('Office Copy'!D10="","",'Office Copy'!D10) | E11: =IF('Office Copy'!E10="","",'Office Copy'!E10) | F11: =IF('Office Copy'!F10="","",'Office Copy'!F10) | G11: =IF('Office Copy'!G10="","",'Office Copy'!G10) | H11: =IF('Office Copy'!H10="","",'Office Copy'!H10) | I11: =IF('Office Copy'!I10="","",'Office Copy'!I10) | ... N11: =IF('Office Copy'!N10="","",'Office Copy'!N10)
B12: =IF('Office Copy'!B11="","",'Office Copy'!B11) | C12: =IF('Office Copy'!C11="","",'Office Copy'!C11) | D12: =IF('Office Copy'!D11="","",'Office Copy'!D11) | E12: =IF('Office Copy'!E11="","",'Office Copy'!E11) | F12: =IF('Office Copy'!F11="","",'Office Copy'!F11) | G12: =IF('Office Copy'!G11="","",'Office Copy'!G11) | H12: =IF('Office Copy'!H11="","",'Office Copy'!H11) | I12: =IF('Office Copy'!I11="","",'Office Copy'!I11) | ... N12: =IF('Office Copy'!N11="","",'Office Copy'!N11)
B13: =IF('Office Copy'!B12="","",'Office Copy'!B12) | C13: =IF('Office Copy'!C12="","",'Office Copy'!C12) | D13: =IF('Office Copy'!D12="","",'Office Copy'!D12) | E13: =IF('Office Copy'!E12="","",'Office Copy'!E12) | F13: =IF('Office Copy'!F12="","",'Office Copy'!F12) | G13: =IF('Office Copy'!G12="","",'Office Copy'!G12) | H13: =IF('Office Copy'!H12="","",'Office Copy'!H12) | I13: =IF('Office Copy'!I12="","",'Office Copy'!I12) | ... N13: =IF('Office Copy'!N12="","",'Office Copy'!N12)
B14: =IF('Office Copy'!B13="","",'Office Copy'!B13) | C14: =IF('Office Copy'!C13="","",'Office Copy'!C13) | D14: =IF('Office Copy'!D13="","",'Office Copy'!D13) | E14: =IF('Office Copy'!E13="","",'Office Copy'!E13) | F14: =IF('Office Copy'!F13="","",'Office Copy'!F13) | G14: =IF('Office Copy'!G13="","",'Office Copy'!G13) | H14: =IF('Office Copy'!H13="","",'Office Copy'!H13) | I14: =IF('Office Copy'!I13="","",'Office Copy'!I13) | ... N14: =IF('Office Copy'!N13="","",'Office Copy'!N13)
B15: =IF('Office Copy'!B14="","",'Office Copy'!B14) | C15: =IF('Office Copy'!C14="","",'Office Copy'!C14) | D15: =IF('Office Copy'!D14="","",'Office Copy'!D14) | E15: =IF('Office Copy'!E14="","",'Office Copy'!E14) | F15: =IF('Office Copy'!F14="","",'Office Copy'!F14) | G15: =IF('Office Copy'!G14="","",'Office Copy'!G14) | H15: =IF('Office Copy'!H14="","",'Office Copy'!H14) | I15: =IF('Office Copy'!I14="","",'Office Copy'!I14) | ... N15: =IF('Office Copy'!N14="","",'Office Copy'!N14)
B16: =IF('Office Copy'!B15="","",'Office Copy'!B15) | C16: =IF('Office Copy'!C15="","",'Office Copy'!C15) | D16: =IF('Office Copy'!D15="","",'Office Copy'!D15) | E16: =IF('Office Copy'!E15="","",'Office Copy'!E15) | F16: =IF('Office Copy'!F15="","",'Office Copy'!F15) | G16: =IF('Office Copy'!G15="","",'Office Copy'!G15) | H16: =IF('Office Copy'!H15="","",'Office Copy'!H15) | I16: =IF('Office Copy'!I15="","",'Office Copy'!I15) | ... N16: =IF('Office Copy'!N15="","",'Office Copy'!N15)
B17: =IF('Office Copy'!B16="","",'Office Copy'!B16) | C17: =IF('Office Copy'!C16="","",'Office Copy'!C16) | D17: =IF('Office Copy'!D16="","",'Office Copy'!D16) | E17: =IF('Office Copy'!E16="","",'Office Copy'!E16) | F17: =IF('Office Copy'!F16="","",'Office Copy'!F16) | G17: =IF('Office Copy'!G16="","",'Office Copy'!G16) | H17: =IF('Office Copy'!H16="","",'Office Copy'!H16) | I17: =IF('Office Copy'!I16="","",'Office Copy'!I16) | ... N17: =IF('Office Copy'!N16="","",'Office Copy'!N16)
B18: =IF('Office Copy'!B17="","",'Office Copy'!B17) | C18: =IF('Office Copy'!C17="","",'Office Copy'!C17) | D18: =IF('Office Copy'!D17="","",'Office Copy'!D17) | E18: =IF('Office Copy'!E17="","",'Office Copy'!E17) | F18: =IF('Office Copy'!F17="","",'Office Copy'!F17) | G18: =IF('Office Copy'!G17="","",'Office Copy'!G17) | H18: =IF('Office Copy'!H17="","",'Office Copy'!H17) | I18: =IF('Office Copy'!I17="","",'Office Copy'!I17) | ... N18: =IF('Office Copy'!N17="","",'Office Copy'!N17)
B19: =IF('Office Copy'!B18="","",'Office Copy'!B18) | C19: =IF('Office Copy'!C18="","",'Office Copy'!C18) | D19: =IF('Office Copy'!D18="","",'Office Copy'!D18) | E19: =IF('Office Copy'!E18="","",'Office Copy'!E18) | F19: =IF('Office Copy'!F18="","",'Office Copy'!F18) | G19: =IF('Office Copy'!G18="","",'Office Copy'!G18) | H19: =IF('Office Copy'!H18="","",'Office Copy'!H18) | I19: =IF('Office Copy'!I18="","",'Office Copy'!I18) | ... N19: =IF('Office Copy'!N18="","",'Office Copy'!N18)
B20: =IF('Office Copy'!B19="","",'Office Copy'!B19) | C20: =IF('Office Copy'!C19="","",'Office Copy'!C19) | D20: =IF('Office Copy'!D19="","",'Office Copy'!D19) | E20: =IF('Office Copy'!E19="","",'Office Copy'!E19) | F20: =IF('Office Copy'!F19="","",'Office Copy'!F19) | G20: =IF('Office Copy'!G19="","",'Office Copy'!G19) | H20: =IF('Office Copy'!H19="","",'Office Copy'!H19) | I20: =IF('Office Copy'!I19="","",'Office Copy'!I19) | ... N20: =IF('Office Copy'!N19="","",'Office Copy'!N19)
B21: =IF('Office Copy'!B20="","",'Office Copy'!B20) | C21: =IF('Office Copy'!C20="","",'Office Copy'!C20) | D21: =IF('Office Copy'!D20="","",'Office Copy'!D20) | E21: =IF('Office Copy'!E20="","",'Office Copy'!E20) | F21: =IF('Office Copy'!F20="","",'Office Copy'!F20) | G21: =IF('Office Copy'!G20="","",'Office Copy'!G20) | H21: =IF('Office Copy'!H20="","",'Office Copy'!H20) | I21: =IF('Office Copy'!I20="","",'Office Copy'!I20) | ... N21: =IF('Office Copy'!N20="","",'Office Copy'!N20)
... B2408: =IF('Office Copy'!B2407="","",'Office Copy'!B2407) | C2408: =IF('Office Copy'!C2407="","",'Office Copy'!C2407) | D2408: =IF('Office Copy'!D2407="","",'Office Copy'!D2407) | E2408: =IF('Office Copy'!E2407="","",'Office Copy'!E2407) | F2408: =IF('Office Copy'!F2407="","",'Office Copy'!F2407) | G2408: =IF('Office Copy'!G2407="","",'Office Copy'!G2407) | H2408: =IF('Office Copy'!H2407="","",'Office Copy'!H2407) | I2408: =IF('Office Copy'!I2407="","",'Office Copy'!I2407) | ... N2408: =IF('Office Copy'!N2407="","",'Office Copy'!N2407)
B2410: This tab fills in automatically from the Office Copy tab — do not type over it.
